{
  "accuracy": 0.77,
  "precision": 0.35714285714285715,
  "recall": 0.11904761904761904,
  "f1_score": 0.17857142857142858,
  "roc_auc": 0.6208559373116335,
  "cv_mean": 0.5300047387124739,
  "cv_std": 0.028537738962644187,
  "train_samples": 800,
  "test_samples": 200,
  "default_rate": 0.21,
  "trained_at": "2025-11-13T12:41:58.704549",
  "version": "1.0.0"
}